"indicator_id","indicator_label","description","parameter","format","scale"
1,"Population","Population size",,,
2,"HIV Prevalence","Proportion of total population HIV positive","rho_out",,
3,"PLHIV","Number of people living with HIV","plhiv_out",,
4,"ART Coverage","Proportion of PLHIV on ART (residents)","alpha_out",,
5,"ART Number","Number on ART (residents)","artnum_out",,
6,"HIV Incidence","HIV incidence rate per year","lambda_out",,
7,"New Infections","Number of new infections per year","infections_out",,
